INSERT INTO continentes (nombre) VALUES 
('África'),
('América'),
('Asia'),
('Europa');


INSERT INTO regiones (nombre) VALUES 
('Norte de Europa'),
('Europa del Este'),
('Balcanes'),
('África Austral'),
('Europa Central'),
('África Central'),
('Asia Oriental'),
('África Oriental'),
('Asia Occidental'),
('América del Norte'),
('Caribe'),
('Cono Sur'),
('Europa del Sur'),
('Sudamérica'),
('Asia Central'),
('Centroamérica'),
('Europa Occidental'),
('Sudeste Asiático'),
('África Occidental'),
('Asia del Sur'),
('África del Norte'),
('Eurasia'),
('Mediterráneo');

INSERT INTO paises (id, nombre, capital) VALUES 
(1, 'Latvia', 'Riga'),
(2, 'Romania', 'Bucarest'),
(3, 'Kosovo', 'Pristina'),
(4, 'Sudáfrica', 'Pretoria'),
(5, 'Slovakia', 'Bratislava'),
(6, 'Hungary', 'Budapest'),
(7, 'Angola', 'Luanda'),
(8, 'Japón', 'Tokio'),
(9, 'Uganda', 'Kampala'),
(10, 'Corea del Sur', 'Seúl'),
(11, 'Irán', 'Teherán'),
(12, 'Estados Unidos', 'Washington D.C.'),
(13, 'Cuba', 'La Habana'),
(14, 'Denmark', 'Copenhague'),
(15, 'México', 'Ciudad de México'),
(16, 'Argentina', 'Buenos Aires'),
(17, 'Etiopía', 'Adís Abeba'),
(18, 'Chile', 'Santiago'),
(19, 'Liechtenstein', 'Vaduz'),
(20, 'Belarus', 'Minsk'),
(21, 'Albania', 'Tirana'),
(22, 'North Macedonia', 'Skopie'),
(23, 'Portugal', 'Lisboa'),
(24, 'Finland', 'Helsinki'),
(25, 'Canadá', 'Ottawa'),
(26, 'Colombia', 'Bogotá'),
(27, 'Austria', 'Viena'),
(28, 'Estonia', 'Tallinn'),
(29, 'Uzbekistán', 'Taskent'),
(30, 'Camerún', 'Yaundé'),
(31, 'Panamá', 'Ciudad de Panamá'),
(32, 'Malta', 'La Valeta'),
(33, 'Ruanda', 'Kigali'),
(34, 'Venezuela', 'Caracas'),
(35, 'Montenegro', 'Podgorica'),
(36, 'United Kingdom', 'Londres'),
(37, 'Arabia Saudita', 'Riad'),
(38, 'Zambia', 'Lusaka'),
(39, 'Vatican City', 'Ciudad del Vaticano'),
(40, 'Lithuania', 'Vilna'),
(41, 'Jordania', 'Amán'),
(42, 'Malasia', 'Kuala Lumpur'),
(43, 'Costa Rica', 'San José'),
(44, 'Brasil', 'Brasilia'),
(45, 'Singapur', 'Singapur'),
(46, 'Ghana', 'Acra'),
(47, 'India', 'Nueva Delhi'),
(48, 'Túnez', 'Túnez'),
(49, 'Indonesia', 'Yakarta'),
(50, 'Slovenia', 'Liubliana'),
(51, 'Namibia', 'Windhoek'),
(52, 'Tanzania', 'Dodoma'),
(53, 'Nigeria', 'Abuya'),
(54, 'Spain', 'Madrid'),
(55, 'Italy', 'Roma'),
(56, 'Kenia', 'Nairobi'),
(57, 'San Marino', 'San Marino'),
(58, 'Greece', 'Atenas'),
(59, 'Tailandia', 'Bangkok'),
(60, 'Vietnam', 'Hanói'),
(61, 'Filipinas', 'Manila'),
(62, 'Kazajistán', 'Nursultán'),
(63, 'Israel', 'Jerusalén'),
(64, 'Mozambique', 'Maputo'),
(65, 'Turquía', 'Ankara'),
(66, 'Belgium', 'Bruselas'),
(67, 'Norway', 'Oslo'),
(68, 'Luxembourg', 'Luxemburgo'),
(69, 'República Dominicana', 'Santo Domingo'),
(70, 'Perú', 'Lima'),
(71, 'Iceland', 'Reikiavik'),
(72, 'Russia', 'Moscú'),
(73, 'Serbia', 'Belgrado'),
(74, 'Ukraine', 'Kiev'),
(75, 'Senegal', 'Dakar'),
(76, 'Switzerland', 'Berna'),
(77, 'Bangladés', 'Daca'),
(78, 'Guatemala', 'Ciudad de Guatemala'),
(79, 'El Salvador', 'San Salvador'),
(80, 'Bolivia', 'Sucre'),
(81, 'Ireland', 'Dublín'),
(82, 'Bosnia and Herzegovina', 'Sarajevo'),
(83, 'Malí', 'Bamako'),
(84, 'Nepal', 'Katmandú'),
(85, 'Uruguay', 'Montevideo'),
(86, 'Egipto', 'El Cairo'),
(87, 'Moldova', 'Chisináu'),
(88, 'Poland', 'Varsovia'),
(89, 'Marruecos', 'Rabat'),
(90, 'Sweden', 'Estocolmo'),
(91, 'Germany', 'Berlín'),
(92, 'Netherlands', 'Ámsterdam'),
(93, 'Argelia', 'Argel'),
(94, 'Czech Republic', 'Praga'),
(95, 'Monaco', 'Mónaco'),
(96, 'Andorra', 'Andorra la Vieja'),
(97, 'Cyprus', 'Nicosia'),
(98, 'China', 'Pekín'),
(99, 'Paraguay', 'Asunción'),
(100, 'Bulgaria', 'Sofía'),
(101, 'Costa de Marfil', 'Yamusukro'),
(102, 'France', 'París'),
(103, 'Croatia', 'Zagreb'),
(104, 'Pakistán', 'Islamabad'),
(105, 'Honduras', 'Tegucigalpa'),
(106, 'Ecuador', 'Quito');




INSERT INTO pais_envejecimiento (pais_id, continente_id, region_id, poblacion_referencia, tasa_envejecimiento) VALUES 
(1, 4, 1, 1906800, 12.49), (2, 4, 2, 19000000, 24.01), (3, 4, 3, 1800000, 19.64), 
(4, 1, 4, 59308690, 16.97), (5, 4, 5, 5450000, 8.12), (6, 4, 5, 9750000, 8.12), 
(7, 1, 6, 32866270, 6.16), (8, 3, 7, 125800000, 22.32), (9, 1, 8, 45741000, 17.02), 
(10, 3, 7, 51780000, 19.16), (11, 3, 9, 83990000, 5.41), (12, 2, 10, 331002650, 24.4), 
(13, 2, 11, 11330000, 21.65), (14, 4, 1, 5831000, 9.25), (15, 2, 10, 128900000, 8.64), 
(16, 2, 12, 45195770, 8.67), (17, 1, 8, 114963580, 11.08), (18, 2, 12, 19116200, 15.5), 
(19, 4, 5, 38130, 13.64), (20, 4, 2, 9398000, 10.82), (21, 4, 3, 2838000, 17.24), 
(22, 4, 3, 2077000, 7.79), (23, 4, 13, 10305000, 10.84), (24, 4, 1, 5531000, 12.33), 
(25, 2, 10, 38000000, 14.12), (26, 2, 14, 50880000, 20.7), (27, 4, 5, 8917000, 8.99), 
(28, 4, 1, 1329000, 15.28), (29, 3, 15, 34230000, 16.85), (30, 1, 6, 26550000, 5.93), 
(31, 2, 16, 4315000, 17.15), (32, 4, 13, 514560, 8.41), (33, 1, 8, 12950000, 6.3), 
(34, 2, 14, 28440000, 23.98), (35, 4, 3, 622130, 24.31), (36, 4, 17, 67080000, 21.17), 
(37, 3, 9, 34810000, 11.09), (38, 1, 4, 18380000, 6.95), (39, 4, 13, 800, 18.68), 
(40, 4, 1, 2794000, 13.8), (41, 3, 9, 10200000, 7.44), (42, 3, 18, 32370000, 14.9), 
(43, 2, 16, 5094000, 5.69), (44, 2, 14, 212600000, 23.19), (45, 3, 18, 5686000, 10.18), 
(46, 1, 19, 31070000, 18.25), (47, 3, 20, 1380004380, 11.23), (48, 1, 21, 11820000, 15.4), 
(49, 3, 18, 273500000, 15.93), (50, 4, 5, 2100000, 8.7), (51, 1, 4, 2541000, 24.39), 
(52, 1, 8, 59730000, 20.5), (53, 1, 19, 206100000, 23.79), (54, 4, 13, 47330000, 22.9), 
(55, 4, 13, 59550000, 16.96), (56, 1, 8, 53770000, 23.44), (57, 4, 13, 33930, 6.77), 
(58, 4, 13, 10720000, 8.92), (59, 3, 18, 69800000, 5.9), (60, 3, 18, 97340000, 11.51), 
(61, 3, 18, 109600000, 12.77), (62, 3, 15, 18750000, 10.43), (63, 3, 9, 9217000, 21.57), 
(64, 1, 8, 31260000, 12.14), (65, 4, 22, 84340000, 10.62), (66, 4, 17, 11590000, 15.85), 
(67, 4, 1, 5379000, 7.82), (68, 4, 17, 632270, 21.04), (69, 2, 11, 10850000, 6.49), 
(70, 2, 14, 32970000, 24.74), (71, 4, 1, 366420, 20.44), (72, 4, 22, 144100000, 8.97), 
(73, 4, 3, 6908000, 5.11), (74, 4, 2, 44130000, 21.31), (75, 1, 19, 16740000, 19.14), 
(76, 4, 17, 8637000, 19.58), (77, 3, 20, 164700000, 20.43), (78, 2, 16, 16860000, 6.48), 
(79, 2, 16, 6486000, 12.17), (80, 2, 14, 11670000, 7.32), (81, 4, 17, 4995000, 22.26), 
(82, 4, 3, 3281000, 17.47), (83, 1, 19, 20250000, 11.62), (84, 3, 20, 29140000, 6.27), 
(85, 2, 12, 3474000, 11.22), (86, 1, 21, 102300000, 11.5), (87, 4, 2, 2618000, 19.59), 
(88, 4, 5, 37950000, 17.75), (89, 1, 21, 36910000, 22.74), (90, 4, 1, 10350000, 14.44), 
(91, 4, 17, 83240000, 7.39), (92, 4, 17, 17440000, 19.26), (93, 1, 21, 43850000, 20.22), 
(94, 4, 5, 10700000, 16.23), (95, 4, 17, 39240, 20.42), (96, 4, 13, 77260, 14.88), 
(97, 4, 23, 1207000, 15.45), (98, 3, 7, 1402112000, 13.55), (99, 2, 14, 7133000, 5.51), 
(100, 4, 2, 6927000, 7.16), (101, 1, 19, 26380000, 5.63), (102, 4, 17, 67390000, 17.73), 
(103, 4, 13, 4047000, 11.29), (104, 3, 20, 220900000, 15.17), (105, 2, 16, 9905000, 23.15), 
(106, 2, 14, 17640000, 9.99);



INSERT INTO pais_poblacion (id_mongo, pais_id, continente_id, poblacion, costo_bajo_hospedaje, costo_promedio_comida, costo_bajo_transporte, costo_promedio_entretenimiento) VALUES 
('67e2130bc29aa80afae47e7f', 33, 1, 12952218, 7, 17, 17, 45),
('67e2130bc29aa80afae47e80', 51, 1, 2540905, 8, 25, 11, 14),
('67e2130bc29aa80afae47e7a', 64, 1, 31255435, 9, 41, 9, 32),
('67e2130bc29aa80afae47e7b', 30, 1, 26545863, 9, 18, 26, 43),
('67e2130bc29aa80afae47e7c', 7, 1, 32866272, 9, 30, 15, 45),
('67e213cec29aa80afae47e96', 84, 3, 29136808, 10, 21, 37, 57),
('67e2130bc29aa80afae47e75', 52, 1, 59734218, 11, 18, 29, 17),
('67e213cec29aa80afae47e93', 11, 3, 83992949, 11, 53, 37, 26),
('67e2130bc29aa80afae47e79', 38, 1, 18383955, 13, 14, 24, 45),
('67e213cec29aa80afae47e85', 8, 3, 126476461, 14, 17, 42, 23),
('67e21472c29aa80afae47e9a', 78, 2, 17915568, 14, 72, 35, 63),
('67e2130bc29aa80afae47e73', 17, 1, 114963588, 16, 12, 21, 28),
('67e2130bc29aa80afae47e78', 9, 1, 45741007, 16, 36, 26, 33),
('67e21472c29aa80afae47e9d', 43, 2, 5094118, 16, 31, 14, 35),
('67e21472c29aa80afae47ea6', 99, 2, 7132530, 16, 68, 19, 21),
('67e21472c29aa80afae47ea4', 70, 2, 32971854, 16, 63, 48, 56),
('67e213cec29aa80afae47e8d', 104, 3, 220892340, 16, 25, 26, 60),
('67e2130bc29aa80afae47e77', 48, 1, 11818619, 18, 37, 11, 26),
('67e21472c29aa80afae47ea2', 34, 2, 28435940, 18, 49, 27, 69),
('67e2130bc29aa80afae47e74', 46, 1, 31072940, 19, 31, 23, 25),
('67e213cec29aa80afae47e8a', 61, 3, 109581078, 19, 44, 32, 25),
('67e2130bc29aa80afae47e71', 89, 1, 36910560, 20, 22, 21, 35),
('67e21472c29aa80afae47ea1', 26, 2, 50882891, 20, 60, 34, 25),
('67e2130bc29aa80afae47e7d', 101, 1, 26378274, 20, 30, 7, 31),
('67e211ddc29aa80afae47e56', 68, 4, 634814, 20.52, 46.44, 10.8, 17.28),
('67e2130bc29aa80afae47e6d', 4, 1, 59308690, 21, 20, 25, 43),
('67e213cec29aa80afae47e91', 37, 3, 34813871, 22, 43, 19, 22),
('67e211ddc29aa80afae47e62', 57, 4, 33938, 22.68, 41.04, 14.04, 20.52),
('67e211ddc29aa80afae47e58', 87, 4, 2640438, 22.68, 33.48, 4.32, 18.36),
('67e21472c29aa80afae47e97', 12, 2, 331002651, 23, 43, 19, 21),
('67e213cec29aa80afae47e90', 29, 3, 33469203, 23, 54, 18, 22),
('67e2130bc29aa80afae47e76', 75, 1, 16743927, 23, 36, 30, 32),
('67e213cec29aa80afae47e88', 59, 3, 69799978, 24, 22, 30, 59),
('67e213cec29aa80afae47e86', 10, 3, 51269185, 24, 28, 14, 18),
('67e211ddc29aa80afae47e48', 14, 4, 5831404, 24.84, 34.56, 4.32, 14.04),
('67e211ddc29aa80afae47e47', 94, 4, 10708981, 24.84, 37.8, 12.96, 17.28),
('67e211ddc29aa80afae47e65', 50, 4, 2100126, 24.84, 52.92, 7.56, 32.4),
('67e211ddc29aa80afae47e6a', 36, 4, 67215293, 24.84, 52.92, 11.88, 25.92),
('67e211ddc29aa80afae47e3f', 96, 4, 79824, 24.84, 27, 4.32, 31.32),
('67e213cec29aa80afae47e8b', 42, 3, 32365999, 25, 23, 29, 58),
('67e211ddc29aa80afae47e68', 76, 4, 8654622, 25.92, 33.48, 9.72, 10.8),
('67e213cec29aa80afae47e94', 41, 3, 10203134, 26, 48, 13, 53),
('67e2130bc29aa80afae47e6f', 86, 1, 102334404, 26, 10, 29, 33),
('67e21472c29aa80afae47ea7', 85, 2, 3473730, 27, 44, 42, 59),
('67e2130bc29aa80afae47e6e', 53, 1, 206139589, 28, 22, 15, 28),
('67e213cec29aa80afae47e83', 98, 3, 1402112000, 28, 30, 21, 63),
('67e2130bc29aa80afae47e7e', 83, 1, 20250833, 28, 38, 24, 28),
('67e213cec29aa80afae47e87', 49, 3, 273523615, 28, 60, 11, 40),
('67e213cec29aa80afae47e95', 65, 3, 84339067, 28, 35, 48, 36),
('67e21472c29aa80afae47e9b', 79, 2, 6486205, 28, 60, 30, 23),
('67e21472c29aa80afae47e9f', 13, 2, 11326616, 28, 57, 26, 31),
('67e21472c29aa80afae47ea8', 16, 2, 45195774, 28, 43, 14, 34),
('67e211ddc29aa80afae47e60', 2, 4, 19121610, 28.08, 27, 15.12, 22.68),
('67e2130bc29aa80afae47e70', 56, 1, 53771296, 29, 22, 22, 34),
('67e211ddc29aa80afae47e66', 54, 4, 47351567, 29.16, 45.36, 9.72, 32.4),
('67e21472c29aa80afae47e9e', 31, 2, 4314767, 30, 70, 47, 37),
('67e2130bc29aa80afae47e72', 93, 1, 43851044, 31, 41, 28, 28),
('67e21472c29aa80afae47ea3', 106, 2, 17643060, 31, 48, 29, 59),
('67e211ddc29aa80afae47e5f', 23, 4, 10295909, 32.4, 27, 15.12, 15.12),
('67e211ddc29aa80afae47e4d', 58, 4, 10724599, 32.4, 22.68, 6.48, 10.8),
('67e211ddc29aa80afae47e63', 73, 4, 6640000, 32.4, 33.48, 11.88, 29.16),
('67e211ddc29aa80afae47e54', 19, 4, 38910, 32.4, 22.68, 10.8, 19.44),
('67e213cec29aa80afae47e8c', 45, 3, 5850342, 33, 24, 14, 46),
('67e211ddc29aa80afae47e41', 20, 4, 9398861, 34.56, 54, 14.04, 23.76),
('67e211ddc29aa80afae47e67', 90, 4, 10327589, 34.56, 24.84, 9.72, 27),
('67e213cec29aa80afae47e8f', 62, 3, 18776707, 35, 33, 41, 60),
('67e211ddc29aa80afae47e5e', 88, 4, 38386000, 35.64, 46.44, 5.4, 20.52),
('67e211ddc29aa80afae47e64', 5, 4, 5458827, 35.64, 25.92, 14.04, 19.44),
('67e211ddc29aa80afae47e57', 32, 4, 514564, 36.72, 47.52, 14.04, 24.84),
('67e211ddc29aa80afae47e69', 74, 4, 41415000, 36.72, 45.36, 5.4, 32.4),
('67e21472c29aa80afae47eaa', 44, 2, 212559417, 37, 20, 23, 48),
('67e21472c29aa80afae47ea0', 69, 2, 10847910, 37, 31, 21, 29),
('67e211ddc29aa80afae47e40', 27, 4, 8917205, 37.8, 37.8, 8.64, 30.24),
('67e213cec29aa80afae47e8e', 77, 3, 164689383, 39, 61, 46, 36),
('67e21472c29aa80afae47ea5', 80, 2, 11673029, 39, 70, 47, 53),
('67e21472c29aa80afae47ea9', 18, 2, 19116201, 39, 47, 51, 58),
('67e211ddc29aa80afae47e46', 97, 4, 1207359, 39.96, 45.36, 9.72, 12.96),
('67e211ddc29aa80afae47e55', 40, 4, 2794700, 39.96, 35.64, 9.72, 27),
('67e211ddc29aa80afae47e59', 95, 4, 39242, 39.96, 17.28, 12.96, 20.52),
('67e211ddc29aa80afae47e4f', 71, 4, 372520, 39.96, 17.28, 9.72, 10.8),
('67e211ddc29aa80afae47e51', 55, 4, 59554023, 41.04, 19.44, 9.72, 32.4),
('67e21472c29aa80afae47e9c', 105, 2, 9904608, 42, 33, 27, 36),
('67e211ddc29aa80afae47e45', 103, 4, 3854279, 43.2, 47.52, 15.12, 18.36),
('67e211ddc29aa80afae47e5c', 22, 4, 2083821, 44.28, 42.12, 9.72, 22.68),
('67e211ddc29aa80afae47e4b', 102, 4, 67391582, 45.36, 28.08, 4.32, 23.76),
('67e211ddc29aa80afae47e4e', 6, 4, 9606259, 45.36, 21.6, 11.88, 19.44),
('67e21472c29aa80afae47e99', 15, 2, 128932753, 46, 57, 30, 37),
('67e211ddc29aa80afae47e53', 1, 4, 1867231, 47.52, 52.92, 4.32, 10.8),
('67e213cec29aa80afae47e92', 63, 3, 8655535, 48, 15, 30, 27),
('67e211ddc29aa80afae47e4c', 91, 4, 83149300, 48.6, 16.2, 7.56, 30.24),
('67e213cec29aa80afae47e84', 47, 3, 1380004385, 49, 60, 14, 38),
('67e21472c29aa80afae47e98', 25, 2, 37742154, 49, 74, 23, 40),
('67e213cec29aa80afae47e89', 60, 3, 97338579, 49, 43, 13, 40),
('67e211ddc29aa80afae47e5a', 35, 4, 621718, 50.76, 35.64, 4.32, 10.8),
('67e211ddc29aa80afae47e49', 28, 4, 1326535, 51.84, 37.8, 11.88, 25.92),
('67e211ddc29aa80afae47e52', 3, 4, 1800000, 52.92, 45.36, 11.88, 17.28),
('67e211ddc29aa80afae47e6b', 39, 4, 825, 54, 49.68, 7.56, 14.04),
('67e211ddc29aa80afae47e61', 72, 4, 144104080, 55.08, 16.2, 7.56, 15.12),
('67e211ddc29aa80afae47e42', 66, 4, 11589623, 55.08, 16.2, 4.32, 14.04),
('67e211ddc29aa80afae47e43', 82, 4, 3280819, 55.08, 27, 4.32, 28.08),
('67e211ddc29aa80afae47e4a', 24, 4, 5540720, 56.16, 16.2, 6.48, 19.44),
('67e211ddc29aa80afae47e3e', 21, 4, 2877797, 58.32, 43.2, 5.4, 20.52),
('67e211ddc29aa80afae47e44', 100, 4, 6844597, 58.32, 47.52, 5.4, 21.6),
('67e211ddc29aa80afae47e5b', 92, 4, 17441139, 59.4, 37.8, 4.32, 17.28),
('67e211ddc29aa80afae47e50', 81, 4, 4994724, 59.4, 50.76, 11.88, 17.28),
('67e211ddc29aa80afae47e5d', 67, 4, 5421241, 65.88, 22.68, 8.64, 29.16);